Workbook

Sheet Issue Log
A1: Mobile App Issue Tracker
A2: How to use: register projects on the 'Projects' sheet, then pick a Project for every issue and fill the cream cells. ID and Days Open fill in automatically. Row 6 is an example – overwrite it.
A3: Filter the Project column to see one project's issues, or use the 'Dashboard' sheet to pick a project (or All Projects) and see its summary.
A5: ID | B5: Project | C5: Title | D5: Description | E5: Module / Screen | F5: Platform | G5: Type | H5: Severity | I5: Priority | J5: Status | K5: Steps to Reproduce | L5: Expected Result | M5: Actual Result | N5: App Version / Build | O5: Device / OS | P5: Reported By | Q5: Assigned To | R5: Date Reported | S5: Target Date | T5: Date Resolved | U5: Days Open | V5: Fixed in Version | W5: Notes / Link
A6: =IF(C6="","",IF(B6="","ISS",IFERROR(INDEX(Projects!$B$6:$B$20,MATCH(B6,Projects!$A$6:$A$20,0)),"ISS"))&"-"&TEXT(COUNTIF($B$6:B6,B6),"000")) -> APP-001 | B6: My Mobile App | C6: App crashes on login with Google Sign-In | D6: App closes immediately after selecting a Google account on the login screen. | E6: Login | F6: Android | G6: Crash | H6: Critical | I6: P1 | J6: Open | K6: 1. Open app 2. Tap 'Sign in with Google' 3. Choose an account | L6: User lands on Home screen | M6: App force-closes (NullPointerException) | N6: 1.2.0 (45) | O6: Pixel 6 / Android 14 | P6: QA Team | Q6: Dev A | R6: 46304 | S6: 46311 | U6: =IF(R6="","",IF(T6<>"",T6-R6,TODAY()-R6)) -> 3 | W6: Logcat attached in drive folder
A7: =IF(C7="","",IF(B7="","ISS",IFERROR(INDEX(Projects!$B$6:$B$20,MATCH(B7,Projects!$A$6:$A$20,0)),"ISS"))&"-"&TEXT(COUNTIF($B$6:B7,B7),"000")) | U7: =IF(R7="","",IF(T7<>"",T7-R7,TODAY()-R7))
A8: =IF(C8="","",IF(B8="","ISS",IFERROR(INDEX(Projects!$B$6:$B$20,MATCH(B8,Projects!$A$6:$A$20,0)),"ISS"))&"-"&TEXT(COUNTIF($B$6:B8,B8),"000")) | U8: =IF(R8="","",IF(T8<>"",T8-R8,TODAY()-R8))
A9: =IF(C9="","",IF(B9="","ISS",IFERROR(INDEX(Projects!$B$6:$B$20,MATCH(B9,Projects!$A$6:$A$20,0)),"ISS"))&"-"&TEXT(COUNTIF($B$6:B9,B9),"000")) | U9: =IF(R9="","",IF(T9<>"",T9-R9,TODAY()-R9))
A10: =IF(C10="","",IF(B10="","ISS",IFERROR(INDEX(Projects!$B$6:$B$20,MATCH(B10,Projects!$A$6:$A$20,0)),"ISS"))&"-"&TEXT(COUNTIF($B$6:B10,B10),"000")) | U10: =IF(R10="","",IF(T10<>"",T10-R10,TODAY()-R10))
A11: =IF(C11="","",IF(B11="","ISS",IFERROR(INDEX(Projects!$B$6:$B$20,MATCH(B11,Projects!$A$6:$A$20,0)),"ISS"))&"-"&TEXT(COUNTIF($B$6:B11,B11),"000")) | U11: =IF(R11="","",IF(T11<>"",T11-R11,TODAY()-R11))
A12: =IF(C12="","",IF(B12="","ISS",IFERROR(INDEX(Projects!$B$6:$B$20,MATCH(B12,Projects!$A$6:$A$20,0)),"ISS"))&"-"&TEXT(COUNTIF($B$6:B12,B12),"000")) | U12: =IF(R12="","",IF(T12<>"",T12-R12,TODAY()-R12))
A13: =IF(C13="","",IF(B13="","ISS",IFERROR(INDEX(Projects!$B$6:$B$20,MATCH(B13,Projects!$A$6:$A$20,0)),"ISS"))&"-"&TEXT(COUNTIF($B$6:B13,B13),"000")) | U13: =IF(R13="","",IF(T13<>"",T13-R13,TODAY()-R13))
A14: =IF(C14="","",IF(B14="","ISS",IFERROR(INDEX(Projects!$B$6:$B$20,MATCH(B14,Projects!$A$6:$A$20,0)),"ISS"))&"-"&TEXT(COUNTIF($B$6:B14,B14),"000")) | U14: =IF(R14="","",IF(T14<>"",T14-R14,TODAY()-R14))
A15: =IF(C15="","",IF(B15="","ISS",IFERROR(INDEX(Projects!$B$6:$B$20,MATCH(B15,Projects!$A$6:$A$20,0)),"ISS"))&"-"&TEXT(COUNTIF($B$6:B15,B15),"000")) | U15: =IF(R15="","",IF(T15<>"",T15-R15,TODAY()-R15))
A16: =IF(C16="","",IF(B16="","ISS",IFERROR(INDEX(Projects!$B$6:$B$20,MATCH(B16,Projects!$A$6:$A$20,0)),"ISS"))&"-"&TEXT(COUNTIF($B$6:B16,B16),"000")) | U16: =IF(R16="","",IF(T16<>"",T16-R16,TODAY()-R16))
A17: =IF(C17="","",IF(B17="","ISS",IFERROR(INDEX(Projects!$B$6:$B$20,MATCH(B17,Projects!$A$6:$A$20,0)),"ISS"))&"-"&TEXT(COUNTIF($B$6:B17,B17),"000")) | U17: =IF(R17="","",IF(T17<>"",T17-R17,TODAY()-R17))
A18: =IF(C18="","",IF(B18="","ISS",IFERROR(INDEX(Projects!$B$6:$B$20,MATCH(B18,Projects!$A$6:$A$20,0)),"ISS"))&"-"&TEXT(COUNTIF($B$6:B18,B18),"000")) | U18: =IF(R18="","",IF(T18<>"",T18-R18,TODAY()-R18))
... A205: =IF(C205="","",IF(B205="","ISS",IFERROR(INDEX(Projects!$B$6:$B$20,MATCH(B205,Projects!$A$6:$A$20,0)),"ISS"))&"-"&TEXT(COUNTIF($B$6:B205,B205),"000")) | U205: =IF(R205="","",IF(T205<>"",T205-R205,TODAY()-R205))

Sheet Dashboard
A1: Issue Dashboard
A2: Pick a project (or All Projects) in the yellow cell. Everything on the left updates; the table on the right always shows every project.
A3: Project: | B3: All Projects | D3: =IF(B3="All Projects","*",B3) -> *
A5: Key Numbers | B5: Count | G5: All Projects Summary | H5: Total | I5: Open | J5: Crit/High Open | K5: Overdue | L5: Resolved %
A6: Total issues | B6: =COUNTIFS('Issue Log'!$B$6:$B$205,$D$3,'Issue Log'!$C$6:$C$205,"<>") -> 1 | G6: =IF(Projects!A6="","",Projects!A6) -> My Mobile App | H6: =IF($G6="","",COUNTIFS('Issue Log'!$B$6:$B$205,$G6,'Issue Log'!$C$6:$C$205,"<>")) -> 1 | I6: =IF($G6="","",SUMPRODUCT((('Issue Log'!$B$6:$B$205=$G6)*('Issue Log'!$C$6:$C$205<>""))*('Issue Log'!$J$6:$J$205<>"Resolved")*('Issue Log'!$J$6:$J$205<>"Closed")*('Issue Log'!$J$6:$J$205<>"Won't Fix"))) -> 1 | J6: =IF($G6="","",SUMPRODUCT((('Issue Log'!$B$6:$B$205=$G6)*('Issue Log'!$C$6:$C$205<>""))*(('Issue Log'!$H$6:$H$205="Critical")+('Issue Log'!$H$6:$H$205="High"))*('Issue Log'!$J$6:$J$205<>"Resolved")*('Issue Log'!$J$6:$J$205<>"Closed")*('Issue Log'!$J$6:$J$205<>"Won't Fix"))) -> 1 | K6: =IF($G6="","",SUMPRODUCT((('Issue Log'!$B$6:$B$205=$G6)*('Issue Log'!$C$6:$C$205<>""))*('Issue Log'!$S$6:$S$205<>"")*('Issue Log'!$S$6:$S$205<TODAY())*('Issue Log'!$T$6:$T$205="")*('Issue Log'!$J$6:$J$205<>"Resolved")*('Issue Log'!$J$6:$J$205<>"Closed")*('Issue Log'!$J$6:$J$205<>"Won't Fix"))) -> 0 | L6: =IF($G6="","",IF(H6=0,0,(COUNTIFS('Issue Log'!$B$6:$B$205,$G6,'Issue Log'!$J$6:$J$205,"Resolved")+COUNTIFS('Issue Log'!$B$6:$B$205,$G6,'Issue Log'!$J$6:$J$205,"Closed"))/H6)) -> 0
A7: Open (not Resolved / Closed / Won't Fix) | B7: =SUMPRODUCT(((('Issue Log'!$B$6:$B$205=$B$3)+($B$3="All Projects"))>0)*('Issue Log'!$C$6:$C$205<>"")*('Issue Log'!$J$6:$J$205<>"Resolved")*('Issue Log'!$J$6:$J$205<>"Closed")*('Issue Log'!$J$6:$J$205<>"Won't Fix")) -> 1 | G7: =IF(Projects!A7="","",Projects!A7) | H7: =IF($G7="","",COUNTIFS('Issue Log'!$B$6:$B$205,$G7,'Issue Log'!$C$6:$C$205,"<>")) | I7: =IF($G7="","",SUMPRODUCT((('Issue Log'!$B$6:$B$205=$G7)*('Issue Log'!$C$6:$C$205<>""))*('Issue Log'!$J$6:$J$205<>"Resolved")*('Issue Log'!$J$6:$J$205<>"Closed")*('Issue Log'!$J$6:$J$205<>"Won't Fix"))) | J7: =IF($G7="","",SUMPRODUCT((('Issue Log'!$B$6:$B$205=$G7)*('Issue Log'!$C$6:$C$205<>""))*(('Issue Log'!$H$6:$H$205="Critical")+('Issue Log'!$H$6:$H$205="High"))*('Issue Log'!$J$6:$J$205<>"Resolved")*('Issue Log'!$J$6:$J$205<>"Closed")*('Issue Log'!$J$6:$J$205<>"Won't Fix"))) | K7: =IF($G7="","",SUMPRODUCT((('Issue Log'!$B$6:$B$205=$G7)*('Issue Log'!$C$6:$C$205<>""))*('Issue Log'!$S$6:$S$205<>"")*('Issue Log'!$S$6:$S$205<TODAY())*('Issue Log'!$T$6:$T$205="")*('Issue Log'!$J$6:$J$205<>"Resolved")*('Issue Log'!$J$6:$J$205<>"Closed")*('Issue Log'!$J$6:$J$205<>"Won't Fix"))) | L7: =IF($G7="","",IF(H7=0,0,(COUNTIFS('Issue Log'!$B$6:$B$205,$G7,'Issue Log'!$J$6:$J$205,"Resolved")+COUNTIFS('Issue Log'!$B$6:$B$205,$G7,'Issue Log'!$J$6:$J$205,"Closed"))/H7))
A8: Critical & High still open | B8: =SUMPRODUCT(((('Issue Log'!$B$6:$B$205=$B$3)+($B$3="All Projects"))>0)*(('Issue Log'!$H$6:$H$205="Critical")+('Issue Log'!$H$6:$H$205="High"))*('Issue Log'!$C$6:$C$205<>"")*('Issue Log'!$J$6:$J$205<>"Resolved")*('Issue Log'!$J$6:$J$205<>"Closed")*('Issue Log'!$J$6:$J$205<>"Won't Fix")) -> 1 | G8: =IF(Projects!A8="","",Projects!A8) | H8: =IF($G8="","",COUNTIFS('Issue Log'!$B$6:$B$205,$G8,'Issue Log'!$C$6:$C$205,"<>")) | I8: =IF($G8="","",SUMPRODUCT((('Issue Log'!$B$6:$B$205=$G8)*('Issue Log'!$C$6:$C$205<>""))*('Issue Log'!$J$6:$J$205<>"Resolved")*('Issue Log'!$J$6:$J$205<>"Closed")*('Issue Log'!$J$6:$J$205<>"Won't Fix"))) | J8: =IF($G8="","",SUMPRODUCT((('Issue Log'!$B$6:$B$205=$G8)*('Issue Log'!$C$6:$C$205<>""))*(('Issue Log'!$H$6:$H$205="Critical")+('Issue Log'!$H$6:$H$205="High"))*('Issue Log'!$J$6:$J$205<>"Resolved")*('Issue Log'!$J$6:$J$205<>"Closed")*('Issue Log'!$J$6:$J$205<>"Won't Fix"))) | K8: =IF($G8="","",SUMPRODUCT((('Issue Log'!$B$6:$B$205=$G8)*('Issue Log'!$C$6:$C$205<>""))*('Issue Log'!$S$6:$S$205<>"")*('Issue Log'!$S$6:$S$205<TODAY())*('Issue Log'!$T$6:$T$205="")*('Issue Log'!$J$6:$J$205<>"Resolved")*('Issue Log'!$J$6:$J$205<>"Closed")*('Issue Log'!$J$6:$J$205<>"Won't Fix"))) | L8: =IF($G8="","",IF(H8=0,0,(COUNTIFS('Issue Log'!$B$6:$B$205,$G8,'Issue Log'!$J$6:$J$205,"Resolved")+COUNTIFS('Issue Log'!$B$6:$B$205,$G8,'Issue Log'!$J$6:$J$205,"Closed"))/H8))
A9: Overdue (past Target Date, unresolved) | B9: =SUMPRODUCT(((('Issue Log'!$B$6:$B$205=$B$3)+($B$3="All Projects"))>0)*('Issue Log'!$S$6:$S$205<>"")*('Issue Log'!$S$6:$S$205<TODAY())*('Issue Log'!$T$6:$T$205="")*('Issue Log'!$C$6:$C$205<>"")*('Issue Log'!$J$6:$J$205<>"Resolved")*('Issue Log'!$J$6:$J$205<>"Closed")*('Issue Log'!$J$6:$J$205<>"Won't Fix")) -> 0 | G9: =IF(Projects!A9="","",Projects!A9) | H9: =IF($G9="","",COUNTIFS('Issue Log'!$B$6:$B$205,$G9,'Issue Log'!$C$6:$C$205,"<>")) | I9: =IF($G9="","",SUMPRODUCT((('Issue Log'!$B$6:$B$205=$G9)*('Issue Log'!$C$6:$C$205<>""))*('Issue Log'!$J$6:$J$205<>"Resolved")*('Issue Log'!$J$6:$J$205<>"Closed")*('Issue Log'!$J$6:$J$205<>"Won't Fix"))) | J9: =IF($G9="","",SUMPRODUCT((('Issue Log'!$B$6:$B$205=$G9)*('Issue Log'!$C$6:$C$205<>""))*(('Issue Log'!$H$6:$H$205="Critical")+('Issue Log'!$H$6:$H$205="High"))*('Issue Log'!$J$6:$J$205<>"Resolved")*('Issue Log'!$J$6:$J$205<>"Closed")*('Issue Log'!$J$6:$J$205<>"Won't Fix"))) | K9: =IF($G9="","",SUMPRODUCT((('Issue Log'!$B$6:$B$205=$G9)*('Issue Log'!$C$6:$C$205<>""))*('Issue Log'!$S$6:$S$205<>"")*('Issue Log'!$S$6:$S$205<TODAY())*('Issue Log'!$T$6:$T$205="")*('Issue Log'!$J$6:$J$205<>"Resolved")*('Issue Log'!$J$6:$J$205<>"Closed")*('Issue Log'!$J$6:$J$205<>"Won't Fix"))) | L9: =IF($G9="","",IF(H9=0,0,(COUNTIFS('Issue Log'!$B$6:$B$205,$G9,'Issue Log'!$J$6:$J$205,"Resolved")+COUNTIFS('Issue Log'!$B$6:$B$205,$G9,'Issue Log'!$J$6:$J$205,"Closed"))/H9))
A10: Reopened issues | B10: =COUNTIFS('Issue Log'!$B$6:$B$205,$D$3,'Issue Log'!$J$6:$J$205,"Reopened") -> 0 | G10: =IF(Projects!A10="","",Projects!A10) | H10: =IF($G10="","",COUNTIFS('Issue Log'!$B$6:$B$205,$G10,'Issue Log'!$C$6:$C$205,"<>")) | I10: =IF($G10="","",SUMPRODUCT((('Issue Log'!$B$6:$B$205=$G10)*('Issue Log'!$C$6:$C$205<>""))*('Issue Log'!$J$6:$J$205<>"Resolved")*('Issue Log'!$J$6:$J$205<>"Closed")*('Issue Log'!$J$6:$J$205<>"Won't Fix"))) | J10: =IF($G10="","",SUMPRODUCT((('Issue Log'!$B$6:$B$205=$G10)*('Issue Log'!$C$6:$C$205<>""))*(('Issue Log'!$H$6:$H$205="Critical")+('Issue Log'!$H$6:$H$205="High"))*('Issue Log'!$J$6:$J$205<>"Resolved")*('Issue Log'!$J$6:$J$205<>"Closed")*('Issue Log'!$J$6:$J$205<>"Won't Fix"))) | K10: =IF($G10="","",SUMPRODUCT((('Issue Log'!$B$6:$B$205=$G10)*('Issue Log'!$C$6:$C$205<>""))*('Issue Log'!$S$6:$S$205<>"")*('Issue Log'!$S$6:$S$205<TODAY())*('Issue Log'!$T$6:$T$205="")*('Issue Log'!$J$6:$J$205<>"Resolved")*('Issue Log'!$J$6:$J$205<>"Closed")*('Issue Log'!$J$6:$J$205<>"Won't Fix"))) | L10: =IF($G10="","",IF(H10=0,0,(COUNTIFS('Issue Log'!$B$6:$B$205,$G10,'Issue Log'!$J$6:$J$205,"Resolved")+COUNTIFS('Issue Log'!$B$6:$B$205,$G10,'Issue Log'!$J$6:$J$205,"Closed"))/H10))
A11: Average days to resolve | B11: =IFERROR(AVERAGEIFS('Issue Log'!$U$6:$U$205,'Issue Log'!$T$6:$T$205,"<>",'Issue Log'!$B$6:$B$205,$D$3),0) -> 0 | G11: =IF(Projects!A11="","",Projects!A11) | H11: =IF($G11="","",COUNTIFS('Issue Log'!$B$6:$B$205,$G11,'Issue Log'!$C$6:$C$205,"<>")) | I11: =IF($G11="","",SUMPRODUCT((('Issue Log'!$B$6:$B$205=$G11)*('Issue Log'!$C$6:$C$205<>""))*('Issue Log'!$J$6:$J$205<>"Resolved")*('Issue Log'!$J$6:$J$205<>"Closed")*('Issue Log'!$J$6:$J$205<>"Won't Fix"))) | J11: =IF($G11="","",SUMPRODUCT((('Issue Log'!$B$6:$B$205=$G11)*('Issue Log'!$C$6:$C$205<>""))*(('Issue Log'!$H$6:$H$205="Critical")+('Issue Log'!$H$6:$H$205="High"))*('Issue Log'!$J$6:$J$205<>"Resolved")*('Issue Log'!$J$6:$J$205<>"Closed")*('Issue Log'!$J$6:$J$205<>"Won't Fix"))) | K11: =IF($G11="","",SUMPRODUCT((('Issue Log'!$B$6:$B$205=$G11)*('Issue Log'!$C$6:$C$205<>""))*('Issue Log'!$S$6:$S$205<>"")*('Issue Log'!$S$6:$S$205<TODAY())*('Issue Log'!$T$6:$T$205="")*('Issue Log'!$J$6:$J$205<>"Resolved")*('Issue Log'!$J$6:$J$205<>"Closed")*('Issue Log'!$J$6:$J$205<>"Won't Fix"))) | L11: =IF($G11="","",IF(H11=0,0,(COUNTIFS('Issue Log'!$B$6:$B$205,$G11,'Issue Log'!$J$6:$J$205,"Resolved")+COUNTIFS('Issue Log'!$B$6:$B$205,$G11,'Issue Log'!$J$6:$J$205,"Closed"))/H11))
A12: Resolution rate | B12: =IF(B6=0,0,(COUNTIFS('Issue Log'!$B$6:$B$205,$D$3,'Issue Log'!$J$6:$J$205,"Resolved")+COUNTIFS('Issue Log'!$B$6:$B$205,$D$3,'Issue Log'!$J$6:$J$205,"Closed"))/B6) -> 0 | G12: =IF(Projects!A12="","",Projects!A12) | H12: =IF($G12="","",COUNTIFS('Issue Log'!$B$6:$B$205,$G12,'Issue Log'!$C$6:$C$205,"<>")) | I12: =IF($G12="","",SUMPRODUCT((('Issue Log'!$B$6:$B$205=$G12)*('Issue Log'!$C$6:$C$205<>""))*('Issue Log'!$J$6:$J$205<>"Resolved")*('Issue Log'!$J$6:$J$205<>"Closed")*('Issue Log'!$J$6:$J$205<>"Won't Fix"))) | J12: =IF($G12="","",SUMPRODUCT((('Issue Log'!$B$6:$B$205=$G12)*('Issue Log'!$C$6:$C$205<>""))*(('Issue Log'!$H$6:$H$205="Critical")+('Issue Log'!$H$6:$H$205="High"))*('Issue Log'!$J$6:$J$205<>"Resolved")*('Issue Log'!$J$6:$J$205<>"Closed")*('Issue Log'!$J$6:$J$205<>"Won't Fix"))) | K12: =IF($G12="","",SUMPRODUCT((('Issue Log'!$B$6:$B$205=$G12)*('Issue Log'!$C$6:$C$205<>""))*('Issue Log'!$S$6:$S$205<>"")*('Issue Log'!$S$6:$S$205<TODAY())*('Issue Log'!$T$6:$T$205="")*('Issue Log'!$J$6:$J$205<>"Resolved")*('Issue Log'!$J$6:$J$205<>"Closed")*('Issue Log'!$J$6:$J$205<>"Won't Fix"))) | L12: =IF($G12="","",IF(H12=0,0,(COUNTIFS('Issue Log'!$B$6:$B$205,$G12,'Issue Log'!$J$6:$J$205,"Resolved")+COUNTIFS('Issue Log'!$B$6:$B$205,$G12,'Issue Log'!$J$6:$J$205,"Closed"))/H12))
G13: =IF(Projects!A13="","",Projects!A13) | H13: =IF($G13="","",COUNTIFS('Issue Log'!$B$6:$B$205,$G13,'Issue Log'!$C$6:$C$205,"<>")) | I13: =IF($G13="","",SUMPRODUCT((('Issue Log'!$B$6:$B$205=$G13)*('Issue Log'!$C$6:$C$205<>""))*('Issue Log'!$J$6:$J$205<>"Resolved")*('Issue Log'!$J$6:$J$205<>"Closed")*('Issue Log'!$J$6:$J$205<>"Won't Fix"))) | J13: =IF($G13="","",SUMPRODUCT((('Issue Log'!$B$6:$B$205=$G13)*('Issue Log'!$C$6:$C$205<>""))*(('Issue Log'!$H$6:$H$205="Critical")+('Issue Log'!$H$6:$H$205="High"))*('Issue Log'!$J$6:$J$205<>"Resolved")*('Issue Log'!$J$6:$J$205<>"Closed")*('Issue Log'!$J$6:$J$205<>"Won't Fix"))) | K13: =IF($G13="","",SUMPRODUCT((('Issue Log'!$B$6:$B$205=$G13)*('Issue Log'!$C$6:$C$205<>""))*('Issue Log'!$S$6:$S$205<>"")*('Issue Log'!$S$6:$S$205<TODAY())*('Issue Log'!$T$6:$T$205="")*('Issue Log'!$J$6:$J$205<>"Resolved")*('Issue Log'!$J$6:$J$205<>"Closed")*('Issue Log'!$J$6:$J$205<>"Won't Fix"))) | L13: =IF($G13="","",IF(H13=0,0,(COUNTIFS('Issue Log'!$B$6:$B$205,$G13,'Issue Log'!$J$6:$J$205,"Resolved")+COUNTIFS('Issue Log'!$B$6:$B$205,$G13,'Issue Log'!$J$6:$J$205,"Closed"))/H13))
A14: By Status | B14: Count | D14: By Severity | E14: Count | G14: =IF(Projects!A14="","",Projects!A14) | H14: =IF($G14="","",COUNTIFS('Issue Log'!$B$6:$B$205,$G14,'Issue Log'!$C$6:$C$205,"<>")) | I14: =IF($G14="","",SUMPRODUCT((('Issue Log'!$B$6:$B$205=$G14)*('Issue Log'!$C$6:$C$205<>""))*('Issue Log'!$J$6:$J$205<>"Resolved")*('Issue Log'!$J$6:$J$205<>"Closed")*('Issue Log'!$J$6:$J$205<>"Won't Fix"))) | J14: =IF($G14="","",SUMPRODUCT((('Issue Log'!$B$6:$B$205=$G14)*('Issue Log'!$C$6:$C$205<>""))*(('Issue Log'!$H$6:$H$205="Critical")+('Issue Log'!$H$6:$H$205="High"))*('Issue Log'!$J$6:$J$205<>"Resolved")*('Issue Log'!$J$6:$J$205<>"Closed")*('Issue Log'!$J$6:$J$205<>"Won't Fix"))) | K14: =IF($G14="","",SUMPRODUCT((('Issue Log'!$B$6:$B$205=$G14)*('Issue Log'!$C$6:$C$205<>""))*('Issue Log'!$S$6:$S$205<>"")*('Issue Log'!$S$6:$S$205<TODAY())*('Issue Log'!$T$6:$T$205="")*('Issue Log'!$J$6:$J$205<>"Resolved")*('Issue Log'!$J$6:$J$205<>"Closed")*('Issue Log'!$J$6:$J$205<>"Won't Fix"))) | L14: =IF($G14="","",IF(H14=0,0,(COUNTIFS('Issue Log'!$B$6:$B$205,$G14,'Issue Log'!$J$6:$J$205,"Resolved")+COUNTIFS('Issue Log'!$B$6:$B$205,$G14,'Issue Log'!$J$6:$J$205,"Closed"))/H14))
A15: =Lists!E2 -> New | B15: =COUNTIFS('Issue Log'!$J$6:$J$205,A15,'Issue Log'!$B$6:$B$205,$D$3,'Issue Log'!$C$6:$C$205,"<>") -> 0 | D15: =Lists!C2 -> Critical | E15: =COUNTIFS('Issue Log'!$H$6:$H$205,D15,'Issue Log'!$B$6:$B$205,$D$3,'Issue Log'!$C$6:$C$205,"<>") -> 1 | G15: =IF(Projects!A15="","",Projects!A15) | H15: =IF($G15="","",COUNTIFS('Issue Log'!$B$6:$B$205,$G15,'Issue Log'!$C$6:$C$205,"<>")) | I15: =IF($G15="","",SUMPRODUCT((('Issue Log'!$B$6:$B$205=$G15)*('Issue Log'!$C$6:$C$205<>""))*('Issue Log'!$J$6:$J$205<>"Resolved")*('Issue Log'!$J$6:$J$205<>"Closed")*('Issue Log'!$J$6:$J$205<>"Won't Fix"))) | J15: =IF($G15="","",SUMPRODUCT((('Issue Log'!$B$6:$B$205=$G15)*('Issue Log'!$C$6:$C$205<>""))*(('Issue Log'!$H$6:$H$205="Critical")+('Issue Log'!$H$6:$H$205="High"))*('Issue Log'!$J$6:$J$205<>"Resolved")*('Issue Log'!$J$6:$J$205<>"Closed")*('Issue Log'!$J$6:$J$205<>"Won't Fix"))) | K15: =IF($G15="","",SUMPRODUCT((('Issue Log'!$B$6:$B$205=$G15)*('Issue Log'!$C$6:$C$205<>""))*('Issue Log'!$S$6:$S$205<>"")*('Issue Log'!$S$6:$S$205<TODAY())*('Issue Log'!$T$6:$T$205="")*('Issue Log'!$J$6:$J$205<>"Resolved")*('Issue Log'!$J$6:$J$205<>"Closed")*('Issue Log'!$J$6:$J$205<>"Won't Fix"))) | L15: =IF($G15="","",IF(H15=0,0,(COUNTIFS('Issue Log'!$B$6:$B$205,$G15,'Issue Log'!$J$6:$J$205,"Resolved")+COUNTIFS('Issue Log'!$B$6:$B$205,$G15,'Issue Log'!$J$6:$J$205,"Closed"))/H15))
A16: =Lists!E3 -> Open | B16: =COUNTIFS('Issue Log'!$J$6:$J$205,A16,'Issue Log'!$B$6:$B$205,$D$3,'Issue Log'!$C$6:$C$205,"<>") -> 1 | D16: =Lists!C3 -> High | E16: =COUNTIFS('Issue Log'!$H$6:$H$205,D16,'Issue Log'!$B$6:$B$205,$D$3,'Issue Log'!$C$6:$C$205,"<>") -> 0 | G16: =IF(Projects!A16="","",Projects!A16) | H16: =IF($G16="","",COUNTIFS('Issue Log'!$B$6:$B$205,$G16,'Issue Log'!$C$6:$C$205,"<>")) | I16: =IF($G16="","",SUMPRODUCT((('Issue Log'!$B$6:$B$205=$G16)*('Issue Log'!$C$6:$C$205<>""))*('Issue Log'!$J$6:$J$205<>"Resolved")*('Issue Log'!$J$6:$J$205<>"Closed")*('Issue Log'!$J$6:$J$205<>"Won't Fix"))) | J16: =IF($G16="","",SUMPRODUCT((('Issue Log'!$B$6:$B$205=$G16)*('Issue Log'!$C$6:$C$205<>""))*(('Issue Log'!$H$6:$H$205="Critical")+('Issue Log'!$H$6:$H$205="High"))*('Issue Log'!$J$6:$J$205<>"Resolved")*('Issue Log'!$J$6:$J$205<>"Closed")*('Issue Log'!$J$6:$J$205<>"Won't Fix"))) | K16: =IF($G16="","",SUMPRODUCT((('Issue Log'!$B$6:$B$205=$G16)*('Issue Log'!$C$6:$C$205<>""))*('Issue Log'!$S$6:$S$205<>"")*('Issue Log'!$S$6:$S$205<TODAY())*('Issue Log'!$T$6:$T$205="")*('Issue Log'!$J$6:$J$205<>"Resolved")*('Issue Log'!$J$6:$J$205<>"Closed")*('Issue Log'!$J$6:$J$205<>"Won't Fix"))) | L16: =IF($G16="","",IF(H16=0,0,(COUNTIFS('Issue Log'!$B$6:$B$205,$G16,'Issue Log'!$J$6:$J$205,"Resolved")+COUNTIFS('Issue Log'!$B$6:$B$205,$G16,'Issue Log'!$J$6:$J$205,"Closed"))/H16))
A17: =Lists!E4 -> In Progress | B17: =COUNTIFS('Issue Log'!$J$6:$J$205,A17,'Issue Log'!$B$6:$B$205,$D$3,'Issue Log'!$C$6:$C$205,"<>") -> 0 | D17: =Lists!C4 -> Medium | E17: =COUNTIFS('Issue Log'!$H$6:$H$205,D17,'Issue Log'!$B$6:$B$205,$D$3,'Issue Log'!$C$6:$C$205,"<>") -> 0 | G17: =IF(Projects!A17="","",Projects!A17) | H17: =IF($G17="","",COUNTIFS('Issue Log'!$B$6:$B$205,$G17,'Issue Log'!$C$6:$C$205,"<>")) | I17: =IF($G17="","",SUMPRODUCT((('Issue Log'!$B$6:$B$205=$G17)*('Issue Log'!$C$6:$C$205<>""))*('Issue Log'!$J$6:$J$205<>"Resolved")*('Issue Log'!$J$6:$J$205<>"Closed")*('Issue Log'!$J$6:$J$205<>"Won't Fix"))) | J17: =IF($G17="","",SUMPRODUCT((('Issue Log'!$B$6:$B$205=$G17)*('Issue Log'!$C$6:$C$205<>""))*(('Issue Log'!$H$6:$H$205="Critical")+('Issue Log'!$H$6:$H$205="High"))*('Issue Log'!$J$6:$J$205<>"Resolved")*('Issue Log'!$J$6:$J$205<>"Closed")*('Issue Log'!$J$6:$J$205<>"Won't Fix"))) | K17: =IF($G17="","",SUMPRODUCT((('Issue Log'!$B$6:$B$205=$G17)*('Issue Log'!$C$6:$C$205<>""))*('Issue Log'!$S$6:$S$205<>"")*('Issue Log'!$S$6:$S$205<TODAY())*('Issue Log'!$T$6:$T$205="")*('Issue Log'!$J$6:$J$205<>"Resolved")*('Issue Log'!$J$6:$J$205<>"Closed")*('Issue Log'!$J$6:$J$205<>"Won't Fix"))) | L17: =IF($G17="","",IF(H17=0,0,(COUNTIFS('Issue Log'!$B$6:$B$205,$G17,'Issue Log'!$J$6:$J$205,"Resolved")+COUNTIFS('Issue Log'!$B$6:$B$205,$G17,'Issue Log'!$J$6:$J$205,"Closed"))/H17))
A18: =Lists!E5 -> In Review | B18: =COUNTIFS('Issue Log'!$J$6:$J$205,A18,'Issue Log'!$B$6:$B$205,$D$3,'Issue Log'!$C$6:$C$205,"<>") -> 0 | D18: =Lists!C5 -> Low | E18: =COUNTIFS('Issue Log'!$H$6:$H$205,D18,'Issue Log'!$B$6:$B$205,$D$3,'Issue Log'!$C$6:$C$205,"<>") -> 0 | G18: =IF(Projects!A18="","",Projects!A18) | H18: =IF($G18="","",COUNTIFS('Issue Log'!$B$6:$B$205,$G18,'Issue Log'!$C$6:$C$205,"<>")) | I18: =IF($G18="","",SUMPRODUCT((('Issue Log'!$B$6:$B$205=$G18)*('Issue Log'!$C$6:$C$205<>""))*('Issue Log'!$J$6:$J$205<>"Resolved")*('Issue Log'!$J$6:$J$205<>"Closed")*('Issue Log'!$J$6:$J$205<>"Won't Fix"))) | J18: =IF($G18="","",SUMPRODUCT((('Issue Log'!$B$6:$B$205=$G18)*('Issue Log'!$C$6:$C$205<>""))*(('Issue Log'!$H$6:$H$205="Critical")+('Issue Log'!$H$6:$H$205="High"))*('Issue Log'!$J$6:$J$205<>"Resolved")*('Issue Log'!$J$6:$J$205<>"Closed")*('Issue Log'!$J$6:$J$205<>"Won't Fix"))) | K18: =IF($G18="","",SUMPRODUCT((('Issue Log'!$B$6:$B$205=$G18)*('Issue Log'!$C$6:$C$205<>""))*('Issue Log'!$S$6:$S$205<>"")*('Issue Log'!$S$6:$S$205<TODAY())*('Issue Log'!$T$6:$T$205="")*('Issue Log'!$J$6:$J$205<>"Resolved")*('Issue Log'!$J$6:$J$205<>"Closed")*('Issue Log'!$J$6:$J$205<>"Won't Fix"))) | L18: =IF($G18="","",IF(H18=0,0,(COUNTIFS('Issue Log'!$B$6:$B$205,$G18,'Issue Log'!$J$6:$J$205,"Resolved")+COUNTIFS('Issue Log'!$B$6:$B$205,$G18,'Issue Log'!$J$6:$J$205,"Closed"))/H18))
A19: =Lists!E6 -> Ready for QA | B19: =COUNTIFS('Issue Log'!$J$6:$J$205,A19,'Issue Log'!$B$6:$B$205,$D$3,'Issue Log'!$C$6:$C$205,"<>") -> 0 | G19: =IF(Projects!A19="","",Projects!A19) | H19: =IF($G19="","",COUNTIFS('Issue Log'!$B$6:$B$205,$G19,'Issue Log'!$C$6:$C$205,"<>")) | I19: =IF($G19="","",SUMPRODUCT((('Issue Log'!$B$6:$B$205=$G19)*('Issue Log'!$C$6:$C$205<>""))*('Issue Log'!$J$6:$J$205<>"Resolved")*('Issue Log'!$J$6:$J$205<>"Closed")*('Issue Log'!$J$6:$J$205<>"Won't Fix"))) | J19: =IF($G19="","",SUMPRODUCT((('Issue Log'!$B$6:$B$205=$G19)*('Issue Log'!$C$6:$C$205<>""))*(('Issue Log'!$H$6:$H$205="Critical")+('Issue Log'!$H$6:$H$205="High"))*('Issue Log'!$J$6:$J$205<>"Resolved")*('Issue Log'!$J$6:$J$205<>"Closed")*('Issue Log'!$J$6:$J$205<>"Won't Fix"))) | K19: =IF($G19="","",SUMPRODUCT((('Issue Log'!$B$6:$B$205=$G19)*('Issue Log'!$C$6:$C$205<>""))*('Issue Log'!$S$6:$S$205<>"")*('Issue Log'!$S$6:$S$205<TODAY())*('Issue Log'!$T$6:$T$205="")*('Issue Log'!$J$6:$J$205<>"Resolved")*('Issue Log'!$J$6:$J$205<>"Closed")*('Issue Log'!$J$6:$J$205<>"Won't Fix"))) | L19: =IF($G19="","",IF(H19=0,0,(COUNTIFS('Issue Log'!$B$6:$B$205,$G19,'Issue Log'!$J$6:$J$205,"Resolved")+COUNTIFS('Issue Log'!$B$6:$B$205,$G19,'Issue Log'!$J$6:$J$205,"Closed"))/H19))
A20: =Lists!E7 -> Resolved | B20: =COUNTIFS('Issue Log'!$J$6:$J$205,A20,'Issue Log'!$B$6:$B$205,$D$3,'Issue Log'!$C$6:$C$205,"<>") -> 0 | G20: =IF(Projects!A20="","",Projects!A20) | H20: =IF($G20="","",COUNTIFS('Issue Log'!$B$6:$B$205,$G20,'Issue Log'!$C$6:$C$205,"<>")) | I20: =IF($G20="","",SUMPRODUCT((('Issue Log'!$B$6:$B$205=$G20)*('Issue Log'!$C$6:$C$205<>""))*('Issue Log'!$J$6:$J$205<>"Resolved")*('Issue Log'!$J$6:$J$205<>"Closed")*('Issue Log'!$J$6:$J$205<>"Won't Fix"))) | J20: =IF($G20="","",SUMPRODUCT((('Issue Log'!$B$6:$B$205=$G20)*('Issue Log'!$C$6:$C$205<>""))*(('Issue Log'!$H$6:$H$205="Critical")+('Issue Log'!$H$6:$H$205="High"))*('Issue Log'!$J$6:$J$205<>"Resolved")*('Issue Log'!$J$6:$J$205<>"Closed")*('Issue Log'!$J$6:$J$205<>"Won't Fix"))) | K20: =IF($G20="","",SUMPRODUCT((('Issue Log'!$B$6:$B$205=$G20)*('Issue Log'!$C$6:$C$205<>""))*('Issue Log'!$S$6:$S$205<>"")*('Issue Log'!$S$6:$S$205<TODAY())*('Issue Log'!$T$6:$T$205="")*('Issue Log'!$J$6:$J$205<>"Resolved")*('Issue Log'!$J$6:$J$205<>"Closed")*('Issue Log'!$J$6:$J$205<>"Won't Fix"))) | L20: =IF($G20="","",IF(H20=0,0,(COUNTIFS('Issue Log'!$B$6:$B$205,$G20,'Issue Log'!$J$6:$J$205,"Resolved")+COUNTIFS('Issue Log'!$B$6:$B$205,$G20,'Issue Log'!$J$6:$J$205,"Closed"))/H20))
A21: =Lists!E8 -> Closed | B21: =COUNTIFS('Issue Log'!$J$6:$J$205,A21,'Issue Log'!$B$6:$B$205,$D$3,'Issue Log'!$C$6:$C$205,"<>") -> 0 | G21: Total (all projects) | H21: =SUM(H6:H20) -> 1 | I21: =SUM(I6:I20) -> 1 | J21: =SUM(J6:J20) -> 1 | K21: =SUM(K6:K20) -> 0
A22: =Lists!E9 -> Reopened | B22: =COUNTIFS('Issue Log'!$J$6:$J$205,A22,'Issue Log'!$B$6:$B$205,$D$3,'Issue Log'!$C$6:$C$205,"<>") -> 0
A23: =Lists!E10 -> Won't Fix | B23: =COUNTIFS('Issue Log'!$J$6:$J$205,A23,'Issue Log'!$B$6:$B$205,$D$3,'Issue Log'!$C$6:$C$205,"<>") -> 0
A26: By Platform | B26: Count | D26: By Type | E26: Count
A27: =Lists!A2 -> Android | B27: =COUNTIFS('Issue Log'!$F$6:$F$205,A27,'Issue Log'!$B$6:$B$205,$D$3,'Issue Log'!$C$6:$C$205,"<>") -> 1 | D27: =Lists!B2 -> Bug | E27: =COUNTIFS('Issue Log'!$G$6:$G$205,D27,'Issue Log'!$B$6:$B$205,$D$3,'Issue Log'!$C$6:$C$205,"<>") -> 0
A28: =Lists!A3 -> iOS | B28: =COUNTIFS('Issue Log'!$F$6:$F$205,A28,'Issue Log'!$B$6:$B$205,$D$3,'Issue Log'!$C$6:$C$205,"<>") -> 0 | D28: =Lists!B3 -> Crash | E28: =COUNTIFS('Issue Log'!$G$6:$G$205,D28,'Issue Log'!$B$6:$B$205,$D$3,'Issue Log'!$C$6:$C$205,"<>") -> 1
A29: =Lists!A4 -> Both | B29: =COUNTIFS('Issue Log'!$F$6:$F$205,A29,'Issue Log'!$B$6:$B$205,$D$3,'Issue Log'!$C$6:$C$205,"<>") -> 0 | D29: =Lists!B4 -> UI/UX | E29: =COUNTIFS('Issue Log'!$G$6:$G$205,D29,'Issue Log'!$B$6:$B$205,$D$3,'Issue Log'!$C$6:$C$205,"<>") -> 0
A30: =Lists!A5 -> Backend/API | B30: =COUNTIFS('Issue Log'!$F$6:$F$205,A30,'Issue Log'!$B$6:$B$205,$D$3,'Issue Log'!$C$6:$C$205,"<>") -> 0 | D30: =Lists!B5 -> Performance | E30: =COUNTIFS('Issue Log'!$G$6:$G$205,D30,'Issue Log'!$B$6:$B$205,$D$3,'Issue Log'!$C$6:$C$205,"<>") -> 0
A31: =Lists!A6 -> Web/Admin | B31: =COUNTIFS('Issue Log'!$F$6:$F$205,A31,'Issue Log'!$B$6:$B$205,$D$3,'Issue Log'!$C$6:$C$205,"<>") -> 0 | D31: =Lists!B6 -> Security | E31: =COUNTIFS('Issue Log'!$G$6:$G$205,D31,'Issue Log'!$B$6:$B$205,$D$3,'Issue Log'!$C$6:$C$205,"<>") -> 0
D32: =Lists!B7 -> Data/Sync | E32: =COUNTIFS('Issue Log'!$G$6:$G$205,D32,'Issue Log'!$B$6:$B$205,$D$3,'Issue Log'!$C$6:$C$205,"<>") -> 0
D33: =Lists!B8 -> Feature Request | E33: =COUNTIFS('Issue Log'!$G$6:$G$205,D33,'Issue Log'!$B$6:$B$205,$D$3,'Issue Log'!$C$6:$C$205,"<>") -> 0
D34: =Lists!B9 -> Other | E34: =COUNTIFS('Issue Log'!$G$6:$G$205,D34,'Issue Log'!$B$6:$B$205,$D$3,'Issue Log'!$C$6:$C$205,"<>") -> 0
A36: By Priority | B36: Count
A37: =Lists!D2 -> P1 | B37: =COUNTIFS('Issue Log'!$I$6:$I$205,A37,'Issue Log'!$B$6:$B$205,$D$3,'Issue Log'!$C$6:$C$205,"<>") -> 1
A38: =Lists!D3 -> P2 | B38: =COUNTIFS('Issue Log'!$I$6:$I$205,A38,'Issue Log'!$B$6:$B$205,$D$3,'Issue Log'!$C$6:$C$205,"<>") -> 0
A39: =Lists!D4 -> P3 | B39: =COUNTIFS('Issue Log'!$I$6:$I$205,A39,'Issue Log'!$B$6:$B$205,$D$3,'Issue Log'!$C$6:$C$205,"<>") -> 0
A40: =Lists!D5 -> P4 | B40: =COUNTIFS('Issue Log'!$I$6:$I$205,A40,'Issue Log'!$B$6:$B$205,$D$3,'Issue Log'!$C$6:$C$205,"<>") -> 0

Sheet Projects
A1: Projects
A2: Add each project here (one per row, up to 15). Its name then appears in the Issue Log and Dashboard dropdowns, and its Code becomes the issue ID prefix (e.g. APP-001).
A3: Keep Project Names unique and keep Codes short (2–5 letters). Row 6 is an example – overwrite it.
A5: Project Name | B5: Code | C5: Lead / Owner | D5: Start Date | E5: Notes
A6: My Mobile App | B6: APP | C6: Project Manager | D6: 46247 | E6: Example project

Sheet Lists
A1: Platform | B1: Type | C1: Severity | D1: Priority | E1: Status | G1: Dashboard selector (auto) | I1: Edit the option lists to change dropdowns. Column G is automatic – don't edit.
A2: Android | B2: Bug | C2: Critical | D2: P1 | E2: New | G2: All Projects
A3: iOS | B3: Crash | C3: High | D3: P2 | E3: Open | G3: =IF(Projects!A6="","",Projects!A6) -> My Mobile App
A4: Both | B4: UI/UX | C4: Medium | D4: P3 | E4: In Progress | G4: =IF(Projects!A7="","",Projects!A7)
A5: Backend/API | B5: Performance | C5: Low | D5: P4 | E5: In Review | G5: =IF(Projects!A8="","",Projects!A8)
A6: Web/Admin | B6: Security | E6: Ready for QA | G6: =IF(Projects!A9="","",Projects!A9)
B7: Data/Sync | E7: Resolved | G7: =IF(Projects!A10="","",Projects!A10)
B8: Feature Request | E8: Closed | G8: =IF(Projects!A11="","",Projects!A11)
B9: Other | E9: Reopened | G9: =IF(Projects!A12="","",Projects!A12)
E10: Won't Fix | G10: =IF(Projects!A13="","",Projects!A13)
G11: =IF(Projects!A14="","",Projects!A14)
G12: =IF(Projects!A15="","",Projects!A15)
G13: =IF(Projects!A16="","",Projects!A16)
G14: =IF(Projects!A17="","",Projects!A17)
G15: =IF(Projects!A18="","",Projects!A18)
G16: =IF(Projects!A19="","",Projects!A19)
G17: =IF(Projects!A20="","",Projects!A20)
